Time (seconds),Throughput (requests/second),Average Latency (millisecond),Minimum Latency (millisecond),25th Percentile Latency (millisecond),Median Latency (millisecond),75th Percentile Latency (millisecond),90th Percentile Latency (millisecond),95th Percentile Latency (millisecond),99th Percentile Latency (millisecond),Maximum Latency (millisecond),tp (req/s) scaled
0,0.000,-0.001,-0.001,-0.001,-0.001,-0.001,-0.001,-0.001,-0.001,-0.001,-1000.000
5,0.000,-0.001,-0.001,-0.001,-0.001,-0.001,-0.001,-0.001,-0.001,-0.001,-1000.000
10,0.200,823.552,823.552,823.552,823.552,823.552,823.552,823.552,823.552,823.552,0.001
15,0.200,69.464,69.464,69.464,69.464,69.464,69.464,69.464,69.464,69.464,0.014
20,0.000,-0.001,-0.001,-0.001,-0.001,-0.001,-0.001,-0.001,-0.001,-0.001,-1000.000
25,0.000,-0.001,-0.001,-0.001,-0.001,-0.001,-0.001,-0.001,-0.001,-0.001,-1000.000
30,0.000,-0.001,-0.001,-0.001,-0.001,-0.001,-0.001,-0.001,-0.001,-0.001,-1000.000
35,0.000,-0.001,-0.001,-0.001,-0.001,-0.001,-0.001,-0.001,-0.001,-0.001,-1000.000
40,0.000,-0.001,-0.001,-0.001,-0.001,-0.001,-0.001,-0.001,-0.001,-0.001,-1000.000
45,0.000,-0.001,-0.001,-0.001,-0.001,-0.001,-0.001,-0.001,-0.001,-0.001,-1000.000
50,0.000,-0.001,-0.001,-0.001,-0.001,-0.001,-0.001,-0.001,-0.001,-0.001,-1000.000
55,0.000,-0.001,-0.001,-0.001,-0.001,-0.001,-0.001,-0.001,-0.001,-0.001,-1000.000
60,0.400,69.408,69.393,69.393,69.423,69.423,69.423,69.423,69.423,69.423,0.014
65,0.200,69.112,69.112,69.112,69.112,69.112,69.112,69.112,69.112,69.112,0.014
70,0.000,-0.001,-0.001,-0.001,-0.001,-0.001,-0.001,-0.001,-0.001,-0.001,-1000.000
75,0.400,70.733,70.575,70.575,70.890,70.890,70.890,70.890,70.890,70.890,0.014
80,0.000,-0.001,-0.001,-0.001,-0.001,-0.001,-0.001,-0.001,-0.001,-0.001,-1000.000
85,0.000,-0.001,-0.001,-0.001,-0.001,-0.001,-0.001,-0.001,-0.001,-0.001,-1000.000
90,0.200,71.212,71.212,71.212,71.212,71.212,71.212,71.212,71.212,71.212,0.014
95,0.000,-0.001,-0.001,-0.001,-0.001,-0.001,-0.001,-0.001,-0.001,-0.001,-1000.000
100,0.200,69.117,69.117,69.117,69.117,69.117,69.117,69.117,69.117,69.117,0.014
105,0.200,69.894,69.894,69.894,69.894,69.894,69.894,69.894,69.894,69.894,0.014
110,0.000,-0.001,-0.001,-0.001,-0.001,-0.001,-0.001,-0.001,-0.001,-0.001,-1000.000
115,0.000,-0.001,-0.001,-0.001,-0.001,-0.001,-0.001,-0.001,-0.001,-0.001,-1000.000
120,0.000,-0.001,-0.001,-0.001,-0.001,-0.001,-0.001,-0.001,-0.001,-0.001,-1000.000
125,0.000,-0.001,-0.001,-0.001,-0.001,-0.001,-0.001,-0.001,-0.001,-0.001,-1000.000
130,0.000,-0.001,-0.001,-0.001,-0.001,-0.001,-0.001,-0.001,-0.001,-0.001,-1000.000
135,0.000,-0.001,-0.001,-0.001,-0.001,-0.001,-0.001,-0.001,-0.001,-0.001,-1000.000
140,0.000,-0.001,-0.001,-0.001,-0.001,-0.001,-0.001,-0.001,-0.001,-0.001,-1000.000
145,0.000,-0.001,-0.001,-0.001,-0.001,-0.001,-0.001,-0.001,-0.001,-0.001,-1000.000
150,0.000,-0.001,-0.001,-0.001,-0.001,-0.001,-0.001,-0.001,-0.001,-0.001,-1000.000
155,0.200,70.867,70.867,70.867,70.867,70.867,70.867,70.867,70.867,70.867,0.014
160,0.000,-0.001,-0.001,-0.001,-0.001,-0.001,-0.001,-0.001,-0.001,-0.001,-1000.000
165,0.000,-0.001,-0.001,-0.001,-0.001,-0.001,-0.001,-0.001,-0.001,-0.001,-1000.000
170,0.000,-0.001,-0.001,-0.001,-0.001,-0.001,-0.001,-0.001,-0.001,-0.001,-1000.000
175,0.000,-0.001,-0.001,-0.001,-0.001,-0.001,-0.001,-0.001,-0.001,-0.001,-1000.000
180,0.000,-0.001,-0.001,-0.001,-0.001,-0.001,-0.001,-0.001,-0.001,-0.001,-1000.000
185,0.000,-0.001,-0.001,-0.001,-0.001,-0.001,-0.001,-0.001,-0.001,-0.001,-1000.000
190,0.000,-0.001,-0.001,-0.001,-0.001,-0.001,-0.001,-0.001,-0.001,-0.001,-1000.000
195,0.200,72.033,72.033,72.033,72.033,72.033,72.033,72.033,72.033,72.033,0.014
200,0.000,-0.001,-0.001,-0.001,-0.001,-0.001,-0.001,-0.001,-0.001,-0.001,-1000.000
205,0.200,70.387,70.387,70.387,70.387,70.387,70.387,70.387,70.387,70.387,0.014
210,0.000,-0.001,-0.001,-0.001,-0.001,-0.001,-0.001,-0.001,-0.001,-0.001,-1000.000
215,0.000,-0.001,-0.001,-0.001,-0.001,-0.001,-0.001,-0.001,-0.001,-0.001,-1000.000
220,0.400,85.414,68.679,68.679,102.149,102.149,102.149,102.149,102.149,102.149,0.012
225,0.000,-0.001,-0.001,-0.001,-0.001,-0.001,-0.001,-0.001,-0.001,-0.001,-1000.000
230,0.000,-0.001,-0.001,-0.001,-0.001,-0.001,-0.001,-0.001,-0.001,-0.001,-1000.000
235,0.200,68.851,68.851,68.851,68.851,68.851,68.851,68.851,68.851,68.851,0.015
240,0.000,-0.001,-0.001,-0.001,-0.001,-0.001,-0.001,-0.001,-0.001,-0.001,-1000.000
245,0.200,70.703,70.703,70.703,70.703,70.703,70.703,70.703,70.703,70.703,0.014
250,0.400,71.701,70.120,70.120,73.281,73.281,73.281,73.281,73.281,73.281,0.014
255,0.200,72.142,72.142,72.142,72.142,72.142,72.142,72.142,72.142,72.142,0.014
260,0.000,-0.001,-0.001,-0.001,-0.001,-0.001,-0.001,-0.001,-0.001,-0.001,-1000.000
265,0.000,-0.001,-0.001,-0.001,-0.001,-0.001,-0.001,-0.001,-0.001,-0.001,-1000.000
270,0.000,-0.001,-0.001,-0.001,-0.001,-0.001,-0.001,-0.001,-0.001,-0.001,-1000.000
275,0.200,67.256,67.256,67.256,67.256,67.256,67.256,67.256,67.256,67.256,0.015
280,0.200,74.279,74.279,74.279,74.279,74.279,74.279,74.279,74.279,74.279,0.013
285,0.200,71.098,71.098,71.098,71.098,71.098,71.098,71.098,71.098,71.098,0.014
290,0.000,-0.001,-0.001,-0.001,-0.001,-0.001,-0.001,-0.001,-0.001,-0.001,-1000.000
295,0.200,69.243,69.243,69.243,69.243,69.243,69.243,69.243,69.243,69.243,0.014
300,0.200,72.968,72.968,72.968,72.968,72.968,72.968,72.968,72.968,72.968,0.014
305,0.200,74.575,74.575,74.575,74.575,74.575,74.575,74.575,74.575,74.575,0.013
310,0.000,-0.001,-0.001,-0.001,-0.001,-0.001,-0.001,-0.001,-0.001,-0.001,-1000.000
315,0.200,77.881,77.881,77.881,77.881,77.881,77.881,77.881,77.881,77.881,0.013
320,0.000,-0.001,-0.001,-0.001,-0.001,-0.001,-0.001,-0.001,-0.001,-0.001,-1000.000
325,0.200,68.829,68.829,68.829,68.829,68.829,68.829,68.829,68.829,68.829,0.015
330,0.000,-0.001,-0.001,-0.001,-0.001,-0.001,-0.001,-0.001,-0.001,-0.001,-1000.000
335,0.000,-0.001,-0.001,-0.001,-0.001,-0.001,-0.001,-0.001,-0.001,-0.001,-1000.000
340,0.000,-0.001,-0.001,-0.001,-0.001,-0.001,-0.001,-0.001,-0.001,-0.001,-1000.000
345,0.000,-0.001,-0.001,-0.001,-0.001,-0.001,-0.001,-0.001,-0.001,-0.001,-1000.000
350,0.200,84.518,84.518,84.518,84.518,84.518,84.518,84.518,84.518,84.518,0.012
355,0.000,-0.001,-0.001,-0.001,-0.001,-0.001,-0.001,-0.001,-0.001,-0.001,-1000.000
360,0.200,68.740,68.740,68.740,68.740,68.740,68.740,68.740,68.740,68.740,0.015
365,0.000,-0.001,-0.001,-0.001,-0.001,-0.001,-0.001,-0.001,-0.001,-0.001,-1000.000
370,0.200,286.533,286.533,286.533,286.533,286.533,286.533,286.533,286.533,286.533,0.003
375,0.200,71.653,71.653,71.653,71.653,71.653,71.653,71.653,71.653,71.653,0.014
380,0.000,-0.001,-0.001,-0.001,-0.001,-0.001,-0.001,-0.001,-0.001,-0.001,-1000.000
385,0.200,76.523,76.523,76.523,76.523,76.523,76.523,76.523,76.523,76.523,0.013
390,0.000,-0.001,-0.001,-0.001,-0.001,-0.001,-0.001,-0.001,-0.001,-0.001,-1000.000
395,0.400,69.004,68.456,68.456,69.551,69.551,69.551,69.551,69.551,69.551,0.014
400,0.200,67.659,67.659,67.659,67.659,67.659,67.659,67.659,67.659,67.659,0.015
405,0.000,-0.001,-0.001,-0.001,-0.001,-0.001,-0.001,-0.001,-0.001,-0.001,-1000.000
410,0.000,-0.001,-0.001,-0.001,-0.001,-0.001,-0.001,-0.001,-0.001,-0.001,-1000.000
415,0.000,-0.001,-0.001,-0.001,-0.001,-0.001,-0.001,-0.001,-0.001,-0.001,-1000.000
420,0.000,-0.001,-0.001,-0.001,-0.001,-0.001,-0.001,-0.001,-0.001,-0.001,-1000.000
425,0.000,-0.001,-0.001,-0.001,-0.001,-0.001,-0.001,-0.001,-0.001,-0.001,-1000.000
430,0.000,-0.001,-0.001,-0.001,-0.001,-0.001,-0.001,-0.001,-0.001,-0.001,-1000.000
435,0.000,-0.001,-0.001,-0.001,-0.001,-0.001,-0.001,-0.001,-0.001,-0.001,-1000.000
440,0.000,-0.001,-0.001,-0.001,-0.001,-0.001,-0.001,-0.001,-0.001,-0.001,-1000.000
445,0.000,-0.001,-0.001,-0.001,-0.001,-0.001,-0.001,-0.001,-0.001,-0.001,-1000.000
450,0.200,71.791,71.791,71.791,71.791,71.791,71.791,71.791,71.791,71.791,0.014
455,0.000,-0.001,-0.001,-0.001,-0.001,-0.001,-0.001,-0.001,-0.001,-0.001,-1000.000
460,0.000,-0.001,-0.001,-0.001,-0.001,-0.001,-0.001,-0.001,-0.001,-0.001,-1000.000
465,0.000,-0.001,-0.001,-0.001,-0.001,-0.001,-0.001,-0.001,-0.001,-0.001,-1000.000
470,0.200,70.954,70.954,70.954,70.954,70.954,70.954,70.954,70.954,70.954,0.014
475,0.000,-0.001,-0.001,-0.001,-0.001,-0.001,-0.001,-0.001,-0.001,-0.001,-1000.000
480,0.000,-0.001,-0.001,-0.001,-0.001,-0.001,-0.001,-0.001,-0.001,-0.001,-1000.000
485,0.200,68.947,68.947,68.947,68.947,68.947,68.947,68.947,68.947,68.947,0.015
490,0.600,73.761,68.710,68.710,70.613,81.960,81.960,81.960,81.960,81.960,0.014
495,0.000,-0.001,-0.001,-0.001,-0.001,-0.001,-0.001,-0.001,-0.001,-0.001,-1000.000
500,0.000,-0.001,-0.001,-0.001,-0.001,-0.001,-0.001,-0.001,-0.001,-0.001,-1000.000
505,0.000,-0.001,-0.001,-0.001,-0.001,-0.001,-0.001,-0.001,-0.001,-0.001,-1000.000
510,0.200,68.846,68.846,68.846,68.846,68.846,68.846,68.846,68.846,68.846,0.015
515,0.000,-0.001,-0.001,-0.001,-0.001,-0.001,-0.001,-0.001,-0.001,-0.001,-1000.000
520,0.000,-0.001,-0.001,-0.001,-0.001,-0.001,-0.001,-0.001,-0.001,-0.001,-1000.000
525,0.000,-0.001,-0.001,-0.001,-0.001,-0.001,-0.001,-0.001,-0.001,-0.001,-1000.000
530,0.000,-0.001,-0.001,-0.001,-0.001,-0.001,-0.001,-0.001,-0.001,-0.001,-1000.000
535,0.000,-0.001,-0.001,-0.001,-0.001,-0.001,-0.001,-0.001,-0.001,-0.001,-1000.000
540,0.000,-0.001,-0.001,-0.001,-0.001,-0.001,-0.001,-0.001,-0.001,-0.001,-1000.000
545,0.000,-0.001,-0.001,-0.001,-0.001,-0.001,-0.001,-0.001,-0.001,-0.001,-1000.000
550,0.000,-0.001,-0.001,-0.001,-0.001,-0.001,-0.001,-0.001,-0.001,-0.001,-1000.000
555,0.200,84.516,84.516,84.516,84.516,84.516,84.516,84.516,84.516,84.516,0.012
560,0.000,-0.001,-0.001,-0.001,-0.001,-0.001,-0.001,-0.001,-0.001,-0.001,-1000.000
565,0.200,68.851,68.851,68.851,68.851,68.851,68.851,68.851,68.851,68.851,0.015
570,0.000,-0.001,-0.001,-0.001,-0.001,-0.001,-0.001,-0.001,-0.001,-0.001,-1000.000
575,0.000,-0.001,-0.001,-0.001,-0.001,-0.001,-0.001,-0.001,-0.001,-0.001,-1000.000
580,0.000,-0.001,-0.001,-0.001,-0.001,-0.001,-0.001,-0.001,-0.001,-0.001,-1000.000
585,0.000,-0.001,-0.001,-0.001,-0.001,-0.001,-0.001,-0.001,-0.001,-0.001,-1000.000
590,0.000,-0.001,-0.001,-0.001,-0.001,-0.001,-0.001,-0.001,-0.001,-0.001,-1000.000
595,0.000,-0.001,-0.001,-0.001,-0.001,-0.001,-0.001,-0.001,-0.001,-0.001,-1000.000
600,0.000,-0.001,-0.001,-0.001,-0.001,-0.001,-0.001,-0.001,-0.001,-0.001,-1000.000
605,0.000,-0.001,-0.001,-0.001,-0.001,-0.001,-0.001,-0.001,-0.001,-0.001,-1000.000
610,0.000,-0.001,-0.001,-0.001,-0.001,-0.001,-0.001,-0.001,-0.001,-0.001,-1000.000
615,0.600,71.346,69.878,69.878,69.918,74.242,74.242,74.242,74.242,74.242,0.014
620,0.200,71.285,71.285,71.285,71.285,71.285,71.285,71.285,71.285,71.285,0.014
625,0.200,70.149,70.149,70.149,70.149,70.149,70.149,70.149,70.149,70.149,0.014
630,0.000,-0.001,-0.001,-0.001,-0.001,-0.001,-0.001,-0.001,-0.001,-0.001,-1000.000
635,0.600,70.819,70.179,70.179,70.955,71.323,71.323,71.323,71.323,71.323,0.014
640,0.400,70.808,70.604,70.604,71.012,71.012,71.012,71.012,71.012,71.012,0.014
645,0.400,69.599,69.576,69.576,69.622,69.622,69.622,69.622,69.622,69.622,0.014
650,0.200,69.860,69.860,69.860,69.860,69.860,69.860,69.860,69.860,69.860,0.014
655,0.000,-0.001,-0.001,-0.001,-0.001,-0.001,-0.001,-0.001,-0.001,-0.001,-1000.000
660,0.000,-0.001,-0.001,-0.001,-0.001,-0.001,-0.001,-0.001,-0.001,-0.001,-1000.000
665,0.000,-0.001,-0.001,-0.001,-0.001,-0.001,-0.001,-0.001,-0.001,-0.001,-1000.000
670,0.000,-0.001,-0.001,-0.001,-0.001,-0.001,-0.001,-0.001,-0.001,-0.001,-1000.000
675,0.200,71.928,71.928,71.928,71.928,71.928,71.928,71.928,71.928,71.928,0.014
680,0.200,74.422,74.422,74.422,74.422,74.422,74.422,74.422,74.422,74.422,0.013
685,0.000,-0.001,-0.001,-0.001,-0.001,-0.001,-0.001,-0.001,-0.001,-0.001,-1000.000
690,0.000,-0.001,-0.001,-0.001,-0.001,-0.001,-0.001,-0.001,-0.001,-0.001,-1000.000
695,0.000,-0.001,-0.001,-0.001,-0.001,-0.001,-0.001,-0.001,-0.001,-0.001,-1000.000
700,0.200,69.489,69.489,69.489,69.489,69.489,69.489,69.489,69.489,69.489,0.014
705,0.600,69.337,68.691,68.691,69.483,69.838,69.838,69.838,69.838,69.838,0.014
710,0.000,-0.001,-0.001,-0.001,-0.001,-0.001,-0.001,-0.001,-0.001,-0.001,-1000.000
715,0.000,-0.001,-0.001,-0.001,-0.001,-0.001,-0.001,-0.001,-0.001,-0.001,-1000.000
720,0.000,-0.001,-0.001,-0.001,-0.001,-0.001,-0.001,-0.001,-0.001,-0.001,-1000.000
725,0.200,68.537,68.537,68.537,68.537,68.537,68.537,68.537,68.537,68.537,0.015
730,0.600,76.304,70.908,70.908,71.125,86.879,86.879,86.879,86.879,86.879,0.013
735,0.000,-0.001,-0.001,-0.001,-0.001,-0.001,-0.001,-0.001,-0.001,-0.001,-1000.000
740,0.000,-0.001,-0.001,-0.001,-0.001,-0.001,-0.001,-0.001,-0.001,-0.001,-1000.000
745,0.000,-0.001,-0.001,-0.001,-0.001,-0.001,-0.001,-0.001,-0.001,-0.001,-1000.000
750,0.200,71.183,71.183,71.183,71.183,71.183,71.183,71.183,71.183,71.183,0.014
755,0.200,69.227,69.227,69.227,69.227,69.227,69.227,69.227,69.227,69.227,0.014
760,0.000,-0.001,-0.001,-0.001,-0.001,-0.001,-0.001,-0.001,-0.001,-0.001,-1000.000
765,0.200,71.906,71.906,71.906,71.906,71.906,71.906,71.906,71.906,71.906,0.014
770,0.400,69.671,69.197,69.197,70.144,70.144,70.144,70.144,70.144,70.144,0.014
775,0.000,-0.001,-0.001,-0.001,-0.001,-0.001,-0.001,-0.001,-0.001,-0.001,-1000.000
780,0.000,-0.001,-0.001,-0.001,-0.001,-0.001,-0.001,-0.001,-0.001,-0.001,-1000.000
785,0.000,-0.001,-0.001,-0.001,-0.001,-0.001,-0.001,-0.001,-0.001,-0.001,-1000.000
790,0.400,68.998,68.049,68.049,69.947,69.947,69.947,69.947,69.947,69.947,0.014
795,0.000,-0.001,-0.001,-0.001,-0.001,-0.001,-0.001,-0.001,-0.001,-0.001,-1000.000
800,0.000,-0.001,-0.001,-0.001,-0.001,-0.001,-0.001,-0.001,-0.001,-0.001,-1000.000
805,0.200,74.133,74.133,74.133,74.133,74.133,74.133,74.133,74.133,74.133,0.013
810,0.000,-0.001,-0.001,-0.001,-0.001,-0.001,-0.001,-0.001,-0.001,-0.001,-1000.000
815,0.000,-0.001,-0.001,-0.001,-0.001,-0.001,-0.001,-0.001,-0.001,-0.001,-1000.000
820,0.000,-0.001,-0.001,-0.001,-0.001,-0.001,-0.001,-0.001,-0.001,-0.001,-1000.000
825,0.000,-0.001,-0.001,-0.001,-0.001,-0.001,-0.001,-0.001,-0.001,-0.001,-1000.000
830,0.000,-0.001,-0.001,-0.001,-0.001,-0.001,-0.001,-0.001,-0.001,-0.001,-1000.000
835,0.200,69.781,69.781,69.781,69.781,69.781,69.781,69.781,69.781,69.781,0.014
840,0.600,70.282,68.788,68.788,69.877,72.180,72.180,72.180,72.180,72.180,0.014
845,0.200,70.630,70.630,70.630,70.630,70.630,70.630,70.630,70.630,70.630,0.014
850,0.000,-0.001,-0.001,-0.001,-0.001,-0.001,-0.001,-0.001,-0.001,-0.001,-1000.000
855,0.200,72.024,72.024,72.024,72.024,72.024,72.024,72.024,72.024,72.024,0.014
860,0.000,-0.001,-0.001,-0.001,-0.001,-0.001,-0.001,-0.001,-0.001,-0.001,-1000.000
865,0.000,-0.001,-0.001,-0.001,-0.001,-0.001,-0.001,-0.001,-0.001,-0.001,-1000.000
870,0.000,-0.001,-0.001,-0.001,-0.001,-0.001,-0.001,-0.001,-0.001,-0.001,-1000.000
875,0.200,71.353,71.353,71.353,71.353,71.353,71.353,71.353,71.353,71.353,0.014
880,0.000,-0.001,-0.001,-0.001,-0.001,-0.001,-0.001,-0.001,-0.001,-0.001,-1000.000
885,0.200,70.456,70.456,70.456,70.456,70.456,70.456,70.456,70.456,70.456,0.014
890,0.200,69.524,69.524,69.524,69.524,69.524,69.524,69.524,69.524,69.524,0.014
895,0.000,-0.001,-0.001,-0.001,-0.001,-0.001,-0.001,-0.001,-0.001,-0.001,-1000.000
900,0.000,-0.001,-0.001,-0.001,-0.001,-0.001,-0.001,-0.001,-0.001,-0.001,-1000.000
905,0.000,-0.001,-0.001,-0.001,-0.001,-0.001,-0.001,-0.001,-0.001,-0.001,-1000.000
910,0.200,72.486,72.486,72.486,72.486,72.486,72.486,72.486,72.486,72.486,0.014
915,0.000,-0.001,-0.001,-0.001,-0.001,-0.001,-0.001,-0.001,-0.001,-0.001,-1000.000
920,0.000,-0.001,-0.001,-0.001,-0.001,-0.001,-0.001,-0.001,-0.001,-0.001,-1000.000
925,0.200,73.529,73.529,73.529,73.529,73.529,73.529,73.529,73.529,73.529,0.014
930,0.000,-0.001,-0.001,-0.001,-0.001,-0.001,-0.001,-0.001,-0.001,-0.001,-1000.000
935,0.000,-0.001,-0.001,-0.001,-0.001,-0.001,-0.001,-0.001,-0.001,-0.001,-1000.000
940,0.200,71.357,71.357,71.357,71.357,71.357,71.357,71.357,71.357,71.357,0.014
945,0.600,71.482,69.790,69.790,71.644,73.011,73.011,73.011,73.011,73.011,0.014
950,0.000,-0.001,-0.001,-0.001,-0.001,-0.001,-0.001,-0.001,-0.001,-0.001,-1000.000
955,0.000,-0.001,-0.001,-0.001,-0.001,-0.001,-0.001,-0.001,-0.001,-0.001,-1000.000
960,0.200,75.145,75.145,75.145,75.145,75.145,75.145,75.145,75.145,75.145,0.013
965,0.000,-0.001,-0.001,-0.001,-0.001,-0.001,-0.001,-0.001,-0.001,-0.001,-1000.000
970,0.000,-0.001,-0.001,-0.001,-0.001,-0.001,-0.001,-0.001,-0.001,-0.001,-1000.000
975,0.000,-0.001,-0.001,-0.001,-0.001,-0.001,-0.001,-0.001,-0.001,-0.001,-1000.000
980,0.000,-0.001,-0.001,-0.001,-0.001,-0.001,-0.001,-0.001,-0.001,-0.001,-1000.000
985,0.000,-0.001,-0.001,-0.001,-0.001,-0.001,-0.001,-0.001,-0.001,-0.001,-1000.000
990,0.000,-0.001,-0.001,-0.001,-0.001,-0.001,-0.001,-0.001,-0.001,-0.001,-1000.000
995,0.000,-0.001,-0.001,-0.001,-0.001,-0.001,-0.001,-0.001,-0.001,-0.001,-1000.000
1000,0.200,77.858,77.858,77.858,77.858,77.858,77.858,77.858,77.858,77.858,0.013
1005,0.200,75.989,75.989,75.989,75.989,75.989,75.989,75.989,75.989,75.989,0.013
1010,0.000,-0.001,-0.001,-0.001,-0.001,-0.001,-0.001,-0.001,-0.001,-0.001,-1000.000
1015,0.000,-0.001,-0.001,-0.001,-0.001,-0.001,-0.001,-0.001,-0.001,-0.001,-1000.000
1020,0.200,72.180,72.180,72.180,72.180,72.180,72.180,72.180,72.180,72.180,0.014
1025,0.000,-0.001,-0.001,-0.001,-0.001,-0.001,-0.001,-0.001,-0.001,-0.001,-1000.000
1030,0.000,-0.001,-0.001,-0.001,-0.001,-0.001,-0.001,-0.001,-0.001,-0.001,-1000.000
1035,0.000,-0.001,-0.001,-0.001,-0.001,-0.001,-0.001,-0.001,-0.001,-0.001,-1000.000
1040,0.200,77.104,77.104,77.104,77.104,77.104,77.104,77.104,77.104,77.104,0.013
1045,0.000,-0.001,-0.001,-0.001,-0.001,-0.001,-0.001,-0.001,-0.001,-0.001,-1000.000
1050,0.000,-0.001,-0.001,-0.001,-0.001,-0.001,-0.001,-0.001,-0.001,-0.001,-1000.000
1055,0.200,75.461,75.461,75.461,75.461,75.461,75.461,75.461,75.461,75.461,0.013
1060,0.200,73.937,73.937,73.937,73.937,73.937,73.937,73.937,73.937,73.937,0.014
1065,0.200,72.108,72.108,72.108,72.108,72.108,72.108,72.108,72.108,72.108,0.014
1070,0.000,-0.001,-0.001,-0.001,-0.001,-0.001,-0.001,-0.001,-0.001,-0.001,-1000.000
1075,0.200,86.906,86.906,86.906,86.906,86.906,86.906,86.906,86.906,86.906,0.012
1080,0.000,-0.001,-0.001,-0.001,-0.001,-0.001,-0.001,-0.001,-0.001,-0.001,-1000.000
1085,0.000,-0.001,-0.001,-0.001,-0.001,-0.001,-0.001,-0.001,-0.001,-0.001,-1000.000
1090,0.200,71.952,71.952,71.952,71.952,71.952,71.952,71.952,71.952,71.952,0.014
1095,0.000,-0.001,-0.001,-0.001,-0.001,-0.001,-0.001,-0.001,-0.001,-0.001,-1000.000
1100,0.000,-0.001,-0.001,-0.001,-0.001,-0.001,-0.001,-0.001,-0.001,-0.001,-1000.000
1105,0.200,77.168,77.168,77.168,77.168,77.168,77.168,77.168,77.168,77.168,0.013
1110,0.200,69.704,69.704,69.704,69.704,69.704,69.704,69.704,69.704,69.704,0.014
1115,0.000,-0.001,-0.001,-0.001,-0.001,-0.001,-0.001,-0.001,-0.001,-0.001,-1000.000
1120,0.200,72.189,72.189,72.189,72.189,72.189,72.189,72.189,72.189,72.189,0.014
1125,0.200,82.864,82.864,82.864,82.864,82.864,82.864,82.864,82.864,82.864,0.012
1130,0.000,-0.001,-0.001,-0.001,-0.001,-0.001,-0.001,-0.001,-0.001,-0.001,-1000.000
1135,0.000,-0.001,-0.001,-0.001,-0.001,-0.001,-0.001,-0.001,-0.001,-0.001,-1000.000
1140,0.000,-0.001,-0.001,-0.001,-0.001,-0.001,-0.001,-0.001,-0.001,-0.001,-1000.000
1145,0.000,-0.001,-0.001,-0.001,-0.001,-0.001,-0.001,-0.001,-0.001,-0.001,-1000.000
1150,0.000,-0.001,-0.001,-0.001,-0.001,-0.001,-0.001,-0.001,-0.001,-0.001,-1000.000
1155,0.200,73.527,73.527,73.527,73.527,73.527,73.527,73.527,73.527,73.527,0.014
1160,0.200,72.437,72.437,72.437,72.437,72.437,72.437,72.437,72.437,72.437,0.014
1165,0.000,-0.001,-0.001,-0.001,-0.001,-0.001,-0.001,-0.001,-0.001,-0.001,-1000.000
1170,0.000,-0.001,-0.001,-0.001,-0.001,-0.001,-0.001,-0.001,-0.001,-0.001,-1000.000
1175,0.200,69.890,69.890,69.890,69.890,69.890,69.890,69.890,69.890,69.890,0.014
1180,0.200,69.913,69.913,69.913,69.913,69.913,69.913,69.913,69.913,69.913,0.014
1185,0.200,68.761,68.761,68.761,68.761,68.761,68.761,68.761,68.761,68.761,0.015
1190,0.000,-0.001,-0.001,-0.001,-0.001,-0.001,-0.001,-0.001,-0.001,-0.001,-1000.000
1195,0.000,-0.001,-0.001,-0.001,-0.001,-0.001,-0.001,-0.001,-0.001,-0.001,-1000.000
1200,0.000,-0.001,-0.001,-0.001,-0.001,-0.001,-0.001,-0.001,-0.001,-0.001,-1000.000
1205,0.200,70.021,70.021,70.021,70.021,70.021,70.021,70.021,70.021,70.021,0.014
1210,0.200,69.941,69.941,69.941,69.941,69.941,69.941,69.941,69.941,69.941,0.014
1215,0.000,-0.001,-0.001,-0.001,-0.001,-0.001,-0.001,-0.001,-0.001,-0.001,-1000.000
1220,0.000,-0.001,-0.001,-0.001,-0.001,-0.001,-0.001,-0.001,-0.001,-0.001,-1000.000
1225,0.000,-0.001,-0.001,-0.001,-0.001,-0.001,-0.001,-0.001,-0.001,-0.001,-1000.000
1230,0.000,-0.001,-0.001,-0.001,-0.001,-0.001,-0.001,-0.001,-0.001,-0.001,-1000.000
1235,0.000,-0.001,-0.001,-0.001,-0.001,-0.001,-0.001,-0.001,-0.001,-0.001,-1000.000
1240,0.000,-0.001,-0.001,-0.001,-0.001,-0.001,-0.001,-0.001,-0.001,-0.001,-1000.000
1245,0.000,-0.001,-0.001,-0.001,-0.001,-0.001,-0.001,-0.001,-0.001,-0.001,-1000.000
1250,0.000,-0.001,-0.001,-0.001,-0.001,-0.001,-0.001,-0.001,-0.001,-0.001,-1000.000
1255,0.000,-0.001,-0.001,-0.001,-0.001,-0.001,-0.001,-0.001,-0.001,-0.001,-1000.000
1260,0.000,-0.001,-0.001,-0.001,-0.001,-0.001,-0.001,-0.001,-0.001,-0.001,-1000.000
1265,0.000,-0.001,-0.001,-0.001,-0.001,-0.001,-0.001,-0.001,-0.001,-0.001,-1000.000
1270,0.000,-0.001,-0.001,-0.001,-0.001,-0.001,-0.001,-0.001,-0.001,-0.001,-1000.000
1275,0.400,69.537,69.375,69.375,69.698,69.698,69.698,69.698,69.698,69.698,0.014
1280,0.200,71.659,71.659,71.659,71.659,71.659,71.659,71.659,71.659,71.659,0.014
1285,0.000,-0.001,-0.001,-0.001,-0.001,-0.001,-0.001,-0.001,-0.001,-0.001,-1000.000
1290,0.000,-0.001,-0.001,-0.001,-0.001,-0.001,-0.001,-0.001,-0.001,-0.001,-1000.000
1295,0.000,-0.001,-0.001,-0.001,-0.001,-0.001,-0.001,-0.001,-0.001,-0.001,-1000.000
1300,0.200,69.461,69.461,69.461,69.461,69.461,69.461,69.461,69.461,69.461,0.014
1305,0.000,-0.001,-0.001,-0.001,-0.001,-0.001,-0.001,-0.001,-0.001,-0.001,-1000.000
1310,0.000,-0.001,-0.001,-0.001,-0.001,-0.001,-0.001,-0.001,-0.001,-0.001,-1000.000
1315,0.200,69.212,69.212,69.212,69.212,69.212,69.212,69.212,69.212,69.212,0.014
1320,0.000,-0.001,-0.001,-0.001,-0.001,-0.001,-0.001,-0.001,-0.001,-0.001,-1000.000
1325,0.000,-0.001,-0.001,-0.001,-0.001,-0.001,-0.001,-0.001,-0.001,-0.001,-1000.000
1330,0.000,-0.001,-0.001,-0.001,-0.001,-0.001,-0.001,-0.001,-0.001,-0.001,-1000.000
1335,0.000,-0.001,-0.001,-0.001,-0.001,-0.001,-0.001,-0.001,-0.001,-0.001,-1000.000
1340,0.000,-0.001,-0.001,-0.001,-0.001,-0.001,-0.001,-0.001,-0.001,-0.001,-1000.000
1345,0.400,73.257,73.071,73.071,73.442,73.442,73.442,73.442,73.442,73.442,0.014
1350,0.400,69.351,69.287,69.287,69.415,69.415,69.415,69.415,69.415,69.415,0.014
1355,0.000,-0.001,-0.001,-0.001,-0.001,-0.001,-0.001,-0.001,-0.001,-0.001,-1000.000
1360,0.000,-0.001,-0.001,-0.001,-0.001,-0.001,-0.001,-0.001,-0.001,-0.001,-1000.000
1365,0.000,-0.001,-0.001,-0.001,-0.001,-0.001,-0.001,-0.001,-0.001,-0.001,-1000.000
1370,0.000,-0.001,-0.001,-0.001,-0.001,-0.001,-0.001,-0.001,-0.001,-0.001,-1000.000
1375,0.000,-0.001,-0.001,-0.001,-0.001,-0.001,-0.001,-0.001,-0.001,-0.001,-1000.000
1380,0.400,70.553,70.390,70.390,70.716,70.716,70.716,70.716,70.716,70.716,0.014
1385,0.000,-0.001,-0.001,-0.001,-0.001,-0.001,-0.001,-0.001,-0.001,-0.001,-1000.000
1390,0.000,-0.001,-0.001,-0.001,-0.001,-0.001,-0.001,-0.001,-0.001,-0.001,-1000.000
1395,0.200,68.493,68.493,68.493,68.493,68.493,68.493,68.493,68.493,68.493,0.015
1400,0.000,-0.001,-0.001,-0.001,-0.001,-0.001,-0.001,-0.001,-0.001,-0.001,-1000.000
1405,0.000,-0.001,-0.001,-0.001,-0.001,-0.001,-0.001,-0.001,-0.001,-0.001,-1000.000
1410,0.400,70.514,70.370,70.370,70.657,70.657,70.657,70.657,70.657,70.657,0.014
1415,0.000,-0.001,-0.001,-0.001,-0.001,-0.001,-0.001,-0.001,-0.001,-0.001,-1000.000
1420,0.400,69.660,69.326,69.326,69.993,69.993,69.993,69.993,69.993,69.993,0.014
1425,0.200,68.188,68.188,68.188,68.188,68.188,68.188,68.188,68.188,68.188,0.015
1430,0.400,69.534,69.127,69.127,69.941,69.941,69.941,69.941,69.941,69.941,0.014
1435,0.000,-0.001,-0.001,-0.001,-0.001,-0.001,-0.001,-0.001,-0.001,-0.001,-1000.000
1440,0.000,-0.001,-0.001,-0.001,-0.001,-0.001,-0.001,-0.001,-0.001,-0.001,-1000.000
1445,0.000,-0.001,-0.001,-0.001,-0.001,-0.001,-0.001,-0.001,-0.001,-0.001,-1000.000
1450,0.000,-0.001,-0.001,-0.001,-0.001,-0.001,-0.001,-0.001,-0.001,-0.001,-1000.000
1455,0.000,-0.001,-0.001,-0.001,-0.001,-0.001,-0.001,-0.001,-0.001,-0.001,-1000.000
1460,0.200,70.029,70.029,70.029,70.029,70.029,70.029,70.029,70.029,70.029,0.014
1465,0.000,-0.001,-0.001,-0.001,-0.001,-0.001,-0.001,-0.001,-0.001,-0.001,-1000.000
1470,0.000,-0.001,-0.001,-0.001,-0.001,-0.001,-0.001,-0.001,-0.001,-0.001,-1000.000
1475,0.200,68.717,68.717,68.717,68.717,68.717,68.717,68.717,68.717,68.717,0.015
1480,0.000,-0.001,-0.001,-0.001,-0.001,-0.001,-0.001,-0.001,-0.001,-0.001,-1000.000
1485,0.200,69.423,69.423,69.423,69.423,69.423,69.423,69.423,69.423,69.423,0.014
1490,0.000,-0.001,-0.001,-0.001,-0.001,-0.001,-0.001,-0.001,-0.001,-0.001,-1000.000
1495,0.200,77.048,77.048,77.048,77.048,77.048,77.048,77.048,77.048,77.048,0.013
1500,0.000,-0.001,-0.001,-0.001,-0.001,-0.001,-0.001,-0.001,-0.001,-0.001,-1000.000
1505,0.200,69.614,69.614,69.614,69.614,69.614,69.614,69.614,69.614,69.614,0.014
1510,0.000,-0.001,-0.001,-0.001,-0.001,-0.001,-0.001,-0.001,-0.001,-0.001,-1000.000
1515,0.000,-0.001,-0.001,-0.001,-0.001,-0.001,-0.001,-0.001,-0.001,-0.001,-1000.000
1520,0.000,-0.001,-0.001,-0.001,-0.001,-0.001,-0.001,-0.001,-0.001,-0.001,-1000.000
1525,0.200,74.990,74.990,74.990,74.990,74.990,74.990,74.990,74.990,74.990,0.013
1530,0.000,-0.001,-0.001,-0.001,-0.001,-0.001,-0.001,-0.001,-0.001,-0.001,-1000.000
1535,0.200,68.531,68.531,68.531,68.531,68.531,68.531,68.531,68.531,68.531,0.015
1540,0.000,-0.001,-0.001,-0.001,-0.001,-0.001,-0.001,-0.001,-0.001,-0.001,-1000.000
1545,0.000,-0.001,-0.001,-0.001,-0.001,-0.001,-0.001,-0.001,-0.001,-0.001,-1000.000
1550,0.200,70.755,70.755,70.755,70.755,70.755,70.755,70.755,70.755,70.755,0.014
1555,0.000,-0.001,-0.001,-0.001,-0.001,-0.001,-0.001,-0.001,-0.001,-0.001,-1000.000
1560,0.000,-0.001,-0.001,-0.001,-0.001,-0.001,-0.001,-0.001,-0.001,-0.001,-1000.000
1565,0.000,-0.001,-0.001,-0.001,-0.001,-0.001,-0.001,-0.001,-0.001,-0.001,-1000.000
1570,0.000,-0.001,-0.001,-0.001,-0.001,-0.001,-0.001,-0.001,-0.001,-0.001,-1000.000
1575,0.000,-0.001,-0.001,-0.001,-0.001,-0.001,-0.001,-0.001,-0.001,-0.001,-1000.000
1580,0.000,-0.001,-0.001,-0.001,-0.001,-0.001,-0.001,-0.001,-0.001,-0.001,-1000.000
1585,0.400,73.045,72.134,72.134,73.956,73.956,73.956,73.956,73.956,73.956,0.014
1590,0.400,77.089,75.689,75.689,78.488,78.488,78.488,78.488,78.488,78.488,0.013
1595,0.200,70.489,70.489,70.489,70.489,70.489,70.489,70.489,70.489,70.489,0.014
1600,0.000,-0.001,-0.001,-0.001,-0.001,-0.001,-0.001,-0.001,-0.001,-0.001,-1000.000
1605,0.400,71.740,68.807,68.807,74.672,74.672,74.672,74.672,74.672,74.672,0.014
1610,0.200,68.986,68.986,68.986,68.986,68.986,68.986,68.986,68.986,68.986,0.014
1615,0.000,-0.001,-0.001,-0.001,-0.001,-0.001,-0.001,-0.001,-0.001,-0.001,-1000.000
1620,0.200,68.382,68.382,68.382,68.382,68.382,68.382,68.382,68.382,68.382,0.015
1625,0.400,70.341,68.858,68.858,71.824,71.824,71.824,71.824,71.824,71.824,0.014
1630,0.000,-0.001,-0.001,-0.001,-0.001,-0.001,-0.001,-0.001,-0.001,-0.001,-1000.000
1635,0.000,-0.001,-0.001,-0.001,-0.001,-0.001,-0.001,-0.001,-0.001,-0.001,-1000.000
1640,0.400,71.220,70.770,70.770,71.670,71.670,71.670,71.670,71.670,71.670,0.014
1645,0.000,-0.001,-0.001,-0.001,-0.001,-0.001,-0.001,-0.001,-0.001,-0.001,-1000.000
1650,0.400,74.232,73.244,73.244,75.219,75.219,75.219,75.219,75.219,75.219,0.013
1655,0.000,-0.001,-0.001,-0.001,-0.001,-0.001,-0.001,-0.001,-0.001,-0.001,-1000.000
1660,0.400,70.503,69.185,69.185,71.821,71.821,71.821,71.821,71.821,71.821,0.014
1665,0.000,-0.001,-0.001,-0.001,-0.001,-0.001,-0.001,-0.001,-0.001,-0.001,-1000.000
1670,0.000,-0.001,-0.001,-0.001,-0.001,-0.001,-0.001,-0.001,-0.001,-0.001,-1000.000
1675,0.000,-0.001,-0.001,-0.001,-0.001,-0.001,-0.001,-0.001,-0.001,-0.001,-1000.000
1680,0.000,-0.001,-0.001,-0.001,-0.001,-0.001,-0.001,-0.001,-0.001,-0.001,-1000.000
1685,0.000,-0.001,-0.001,-0.001,-0.001,-0.001,-0.001,-0.001,-0.001,-0.001,-1000.000
1690,0.200,70.987,70.987,70.987,70.987,70.987,70.987,70.987,70.987,70.987,0.014
1695,0.400,68.817,68.769,68.769,68.865,68.865,68.865,68.865,68.865,68.865,0.015
1700,0.000,-0.001,-0.001,-0.001,-0.001,-0.001,-0.001,-0.001,-0.001,-0.001,-1000.000
1705,0.000,-0.001,-0.001,-0.001,-0.001,-0.001,-0.001,-0.001,-0.001,-0.001,-1000.000
1710,0.000,-0.001,-0.001,-0.001,-0.001,-0.001,-0.001,-0.001,-0.001,-0.001,-1000.000
1715,0.000,-0.001,-0.001,-0.001,-0.001,-0.001,-0.001,-0.001,-0.001,-0.001,-1000.000
1720,0.200,68.983,68.983,68.983,68.983,68.983,68.983,68.983,68.983,68.983,0.014
1725,0.000,-0.001,-0.001,-0.001,-0.001,-0.001,-0.001,-0.001,-0.001,-0.001,-1000.000
1730,0.200,70.212,70.212,70.212,70.212,70.212,70.212,70.212,70.212,70.212,0.014
1735,0.000,-0.001,-0.001,-0.001,-0.001,-0.001,-0.001,-0.001,-0.001,-0.001,-1000.000
1740,0.000,-0.001,-0.001,-0.001,-0.001,-0.001,-0.001,-0.001,-0.001,-0.001,-1000.000
1745,0.000,-0.001,-0.001,-0.001,-0.001,-0.001,-0.001,-0.001,-0.001,-0.001,-1000.000
1750,0.200,69.011,69.011,69.011,69.011,69.011,69.011,69.011,69.011,69.011,0.014
1755,0.000,-0.001,-0.001,-0.001,-0.001,-0.001,-0.001,-0.001,-0.001,-0.001,-1000.000
1760,0.000,-0.001,-0.001,-0.001,-0.001,-0.001,-0.001,-0.001,-0.001,-0.001,-1000.000
1765,0.000,-0.001,-0.001,-0.001,-0.001,-0.001,-0.001,-0.001,-0.001,-0.001,-1000.000
1770,0.000,-0.001,-0.001,-0.001,-0.001,-0.001,-0.001,-0.001,-0.001,-0.001,-1000.000
1775,0.000,-0.001,-0.001,-0.001,-0.001,-0.001,-0.001,-0.001,-0.001,-0.001,-1000.000
1780,0.000,-0.001,-0.001,-0.001,-0.001,-0.001,-0.001,-0.001,-0.001,-0.001,-1000.000
1785,0.000,-0.001,-0.001,-0.001,-0.001,-0.001,-0.001,-0.001,-0.001,-0.001,-1000.000
1790,0.200,69.347,69.347,69.347,69.347,69.347,69.347,69.347,69.347,69.347,0.014
1795,0.000,-0.001,-0.001,-0.001,-0.001,-0.001,-0.001,-0.001,-0.001,-0.001,-1000.000
1800,0.200,71.709,71.709,71.709,71.709,71.709,71.709,71.709,71.709,71.709,0.014
1805,0.000,-0.001,-0.001,-0.001,-0.001,-0.001,-0.001,-0.001,-0.001,-0.001,-1000.000
1810,0.000,-0.001,-0.001,-0.001,-0.001,-0.001,-0.001,-0.001,-0.001,-0.001,-1000.000
1815,0.200,105.766,105.766,105.766,105.766,105.766,105.766,105.766,105.766,105.766,0.009
1820,0.200,68.767,68.767,68.767,68.767,68.767,68.767,68.767,68.767,68.767,0.015
1825,0.200,76.574,76.574,76.574,76.574,76.574,76.574,76.574,76.574,76.574,0.013
1830,0.000,-0.001,-0.001,-0.001,-0.001,-0.001,-0.001,-0.001,-0.001,-0.001,-1000.000
1835,0.000,-0.001,-0.001,-0.001,-0.001,-0.001,-0.001,-0.001,-0.001,-0.001,-1000.000
1840,0.000,-0.001,-0.001,-0.001,-0.001,-0.001,-0.001,-0.001,-0.001,-0.001,-1000.000
1845,0.000,-0.001,-0.001,-0.001,-0.001,-0.001,-0.001,-0.001,-0.001,-0.001,-1000.000
1850,0.000,-0.001,-0.001,-0.001,-0.001,-0.001,-0.001,-0.001,-0.001,-0.001,-1000.000
1855,0.200,70.111,70.111,70.111,70.111,70.111,70.111,70.111,70.111,70.111,0.014
1860,0.000,-0.001,-0.001,-0.001,-0.001,-0.001,-0.001,-0.001,-0.001,-0.001,-1000.000
1865,0.200,67.719,67.719,67.719,67.719,67.719,67.719,67.719,67.719,67.719,0.015
1870,0.000,-0.001,-0.001,-0.001,-0.001,-0.001,-0.001,-0.001,-0.001,-0.001,-1000.000
1875,0.200,72.110,72.110,72.110,72.110,72.110,72.110,72.110,72.110,72.110,0.014
1880,0.000,-0.001,-0.001,-0.001,-0.001,-0.001,-0.001,-0.001,-0.001,-0.001,-1000.000
1885,0.000,-0.001,-0.001,-0.001,-0.001,-0.001,-0.001,-0.001,-0.001,-0.001,-1000.000
1890,0.000,-0.001,-0.001,-0.001,-0.001,-0.001,-0.001,-0.001,-0.001,-0.001,-1000.000
1895,0.200,69.489,69.489,69.489,69.489,69.489,69.489,69.489,69.489,69.489,0.014
1900,0.200,72.942,72.942,72.942,72.942,72.942,72.942,72.942,72.942,72.942,0.014
1905,0.000,-0.001,-0.001,-0.001,-0.001,-0.001,-0.001,-0.001,-0.001,-0.001,-1000.000
1910,0.000,-0.001,-0.001,-0.001,-0.001,-0.001,-0.001,-0.001,-0.001,-0.001,-1000.000
1915,0.000,-0.001,-0.001,-0.001,-0.001,-0.001,-0.001,-0.001,-0.001,-0.001,-1000.000
1920,0.000,-0.001,-0.001,-0.001,-0.001,-0.001,-0.001,-0.001,-0.001,-0.001,-1000.000
1925,0.000,-0.001,-0.001,-0.001,-0.001,-0.001,-0.001,-0.001,-0.001,-0.001,-1000.000
1930,0.000,-0.001,-0.001,-0.001,-0.001,-0.001,-0.001,-0.001,-0.001,-0.001,-1000.000
1935,0.000,-0.001,-0.001,-0.001,-0.001,-0.001,-0.001,-0.001,-0.001,-0.001,-1000.000
1940,0.200,68.666,68.666,68.666,68.666,68.666,68.666,68.666,68.666,68.666,0.015
1945,0.000,-0.001,-0.001,-0.001,-0.001,-0.001,-0.001,-0.001,-0.001,-0.001,-1000.000
1950,0.000,-0.001,-0.001,-0.001,-0.001,-0.001,-0.001,-0.001,-0.001,-0.001,-1000.000
1955,0.000,-0.001,-0.001,-0.001,-0.001,-0.001,-0.001,-0.001,-0.001,-0.001,-1000.000
1960,0.000,-0.001,-0.001,-0.001,-0.001,-0.001,-0.001,-0.001,-0.001,-0.001,-1000.000
1965,0.400,69.051,68.203,68.203,69.899,69.899,69.899,69.899,69.899,69.899,0.014
1970,0.000,-0.001,-0.001,-0.001,-0.001,-0.001,-0.001,-0.001,-0.001,-0.001,-1000.000
1975,0.000,-0.001,-0.001,-0.001,-0.001,-0.001,-0.001,-0.001,-0.001,-0.001,-1000.000
1980,0.400,70.853,70.140,70.140,71.566,71.566,71.566,71.566,71.566,71.566,0.014
1985,0.000,-0.001,-0.001,-0.001,-0.001,-0.001,-0.001,-0.001,-0.001,-0.001,-1000.000
1990,0.200,71.094,71.094,71.094,71.094,71.094,71.094,71.094,71.094,71.094,0.014
1995,0.200,68.460,68.460,68.460,68.460,68.460,68.460,68.460,68.460,68.460,0.015
2000,0.200,68.686,68.686,68.686,68.686,68.686,68.686,68.686,68.686,68.686,0.015
2005,0.000,-0.001,-0.001,-0.001,-0.001,-0.001,-0.001,-0.001,-0.001,-0.001,-1000.000
2010,0.000,-0.001,-0.001,-0.001,-0.001,-0.001,-0.001,-0.001,-0.001,-0.001,-1000.000
2015,0.000,-0.001,-0.001,-0.001,-0.001,-0.001,-0.001,-0.001,-0.001,-0.001,-1000.000
2020,0.000,-0.001,-0.001,-0.001,-0.001,-0.001,-0.001,-0.001,-0.001,-0.001,-1000.000
2025,0.000,-0.001,-0.001,-0.001,-0.001,-0.001,-0.001,-0.001,-0.001,-0.001,-1000.000
2030,0.400,70.826,69.851,69.851,71.800,71.800,71.800,71.800,71.800,71.800,0.014
2035,0.000,-0.001,-0.001,-0.001,-0.001,-0.001,-0.001,-0.001,-0.001,-0.001,-1000.000
2040,0.200,68.802,68.802,68.802,68.802,68.802,68.802,68.802,68.802,68.802,0.015
2045,0.200,68.269,68.269,68.269,68.269,68.269,68.269,68.269,68.269,68.269,0.015
2050,0.000,-0.001,-0.001,-0.001,-0.001,-0.001,-0.001,-0.001,-0.001,-0.001,-1000.000
2055,0.000,-0.001,-0.001,-0.001,-0.001,-0.001,-0.001,-0.001,-0.001,-0.001,-1000.000
2060,0.000,-0.001,-0.001,-0.001,-0.001,-0.001,-0.001,-0.001,-0.001,-0.001,-1000.000
2065,0.000,-0.001,-0.001,-0.001,-0.001,-0.001,-0.001,-0.001,-0.001,-0.001,-1000.000
2070,0.000,-0.001,-0.001,-0.001,-0.001,-0.001,-0.001,-0.001,-0.001,-0.001,-1000.000
2075,0.600,67.635,67.239,67.239,67.751,67.915,67.915,67.915,67.915,67.915,0.015
2080,0.000,-0.001,-0.001,-0.001,-0.001,-0.001,-0.001,-0.001,-0.001,-0.001,-1000.000
2085,0.200,68.742,68.742,68.742,68.742,68.742,68.742,68.742,68.742,68.742,0.015
2090,0.000,-0.001,-0.001,-0.001,-0.001,-0.001,-0.001,-0.001,-0.001,-0.001,-1000.000
2095,0.000,-0.001,-0.001,-0.001,-0.001,-0.001,-0.001,-0.001,-0.001,-0.001,-1000.000
2100,0.400,68.856,68.703,68.703,69.009,69.009,69.009,69.009,69.009,69.009,0.015
2105,0.400,68.844,68.537,68.537,69.150,69.150,69.150,69.150,69.150,69.150,0.015
2110,0.200,68.788,68.788,68.788,68.788,68.788,68.788,68.788,68.788,68.788,0.015
2115,0.000,-0.001,-0.001,-0.001,-0.001,-0.001,-0.001,-0.001,-0.001,-0.001,-1000.000
2120,0.200,71.384,71.384,71.384,71.384,71.384,71.384,71.384,71.384,71.384,0.014
2125,0.200,68.365,68.365,68.365,68.365,68.365,68.365,68.365,68.365,68.365,0.015
2130,0.200,74.138,74.138,74.138,74.138,74.138,74.138,74.138,74.138,74.138,0.013
2135,0.000,-0.001,-0.001,-0.001,-0.001,-0.001,-0.001,-0.001,-0.001,-0.001,-1000.000
2140,0.400,68.634,68.261,68.261,69.007,69.007,69.007,69.007,69.007,69.007,0.015
2145,0.000,-0.001,-0.001,-0.001,-0.001,-0.001,-0.001,-0.001,-0.001,-0.001,-1000.000
2150,0.200,72.611,72.611,72.611,72.611,72.611,72.611,72.611,72.611,72.611,0.014
2155,0.000,-0.001,-0.001,-0.001,-0.001,-0.001,-0.001,-0.001,-0.001,-0.001,-1000.000
2160,0.200,72.347,72.347,72.347,72.347,72.347,72.347,72.347,72.347,72.347,0.014
2165,0.200,69.736,69.736,69.736,69.736,69.736,69.736,69.736,69.736,69.736,0.014
2170,0.200,69.690,69.690,69.690,69.690,69.690,69.690,69.690,69.690,69.690,0.014
2175,0.000,-0.001,-0.001,-0.001,-0.001,-0.001,-0.001,-0.001,-0.001,-0.001,-1000.000
2180,0.200,69.203,69.203,69.203,69.203,69.203,69.203,69.203,69.203,69.203,0.014
2185,0.000,-0.001,-0.001,-0.001,-0.001,-0.001,-0.001,-0.001,-0.001,-0.001,-1000.000
2190,0.200,72.637,72.637,72.637,72.637,72.637,72.637,72.637,72.637,72.637,0.014
2195,0.000,-0.001,-0.001,-0.001,-0.001,-0.001,-0.001,-0.001,-0.001,-0.001,-1000.000
2200,0.000,-0.001,-0.001,-0.001,-0.001,-0.001,-0.001,-0.001,-0.001,-0.001,-1000.000
2205,0.000,-0.001,-0.001,-0.001,-0.001,-0.001,-0.001,-0.001,-0.001,-0.001,-1000.000
2210,0.200,104.447,104.447,104.447,104.447,104.447,104.447,104.447,104.447,104.447,0.010
2215,0.000,-0.001,-0.001,-0.001,-0.001,-0.001,-0.001,-0.001,-0.001,-0.001,-1000.000
2220,0.000,-0.001,-0.001,-0.001,-0.001,-0.001,-0.001,-0.001,-0.001,-0.001,-1000.000
2225,0.000,-0.001,-0.001,-0.001,-0.001,-0.001,-0.001,-0.001,-0.001,-0.001,-1000.000
2230,0.000,-0.001,-0.001,-0.001,-0.001,-0.001,-0.001,-0.001,-0.001,-0.001,-1000.000
2235,0.400,68.768,68.321,68.321,69.214,69.214,69.214,69.214,69.214,69.214,0.015
2240,0.000,-0.001,-0.001,-0.001,-0.001,-0.001,-0.001,-0.001,-0.001,-0.001,-1000.000
2245,0.200,68.734,68.734,68.734,68.734,68.734,68.734,68.734,68.734,68.734,0.015
2250,0.000,-0.001,-0.001,-0.001,-0.001,-0.001,-0.001,-0.001,-0.001,-0.001,-1000.000
2255,0.200,68.474,68.474,68.474,68.474,68.474,68.474,68.474,68.474,68.474,0.015
2260,0.000,-0.001,-0.001,-0.001,-0.001,-0.001,-0.001,-0.001,-0.001,-0.001,-1000.000
2265,0.000,-0.001,-0.001,-0.001,-0.001,-0.001,-0.001,-0.001,-0.001,-0.001,-1000.000
2270,0.000,-0.001,-0.001,-0.001,-0.001,-0.001,-0.001,-0.001,-0.001,-0.001,-1000.000
2275,0.200,86.464,86.464,86.464,86.464,86.464,86.464,86.464,86.464,86.464,0.012
2280,0.000,-0.001,-0.001,-0.001,-0.001,-0.001,-0.001,-0.001,-0.001,-0.001,-1000.000
2285,0.200,69.368,69.368,69.368,69.368,69.368,69.368,69.368,69.368,69.368,0.014
2290,0.000,-0.001,-0.001,-0.001,-0.001,-0.001,-0.001,-0.001,-0.001,-0.001,-1000.000
2295,0.200,69.355,69.355,69.355,69.355,69.355,69.355,69.355,69.355,69.355,0.014
2300,0.000,-0.001,-0.001,-0.001,-0.001,-0.001,-0.001,-0.001,-0.001,-0.001,-1000.000
2305,0.000,-0.001,-0.001,-0.001,-0.001,-0.001,-0.001,-0.001,-0.001,-0.001,-1000.000
2310,0.200,73.947,73.947,73.947,73.947,73.947,73.947,73.947,73.947,73.947,0.014
2315,0.000,-0.001,-0.001,-0.001,-0.001,-0.001,-0.001,-0.001,-0.001,-0.001,-1000.000
2320,0.200,69.630,69.630,69.630,69.630,69.630,69.630,69.630,69.630,69.630,0.014
2325,0.000,-0.001,-0.001,-0.001,-0.001,-0.001,-0.001,-0.001,-0.001,-0.001,-1000.000
2330,0.000,-0.001,-0.001,-0.001,-0.001,-0.001,-0.001,-0.001,-0.001,-0.001,-1000.000
2335,0.000,-0.001,-0.001,-0.001,-0.001,-0.001,-0.001,-0.001,-0.001,-0.001,-1000.000
2340,0.200,69.923,69.923,69.923,69.923,69.923,69.923,69.923,69.923,69.923,0.014
2345,0.000,-0.001,-0.001,-0.001,-0.001,-0.001,-0.001,-0.001,-0.001,-0.001,-1000.000
2350,0.200,68.421,68.421,68.421,68.421,68.421,68.421,68.421,68.421,68.421,0.015
2355,0.200,73.022,73.022,73.022,73.022,73.022,73.022,73.022,73.022,73.022,0.014
2360,0.200,69.558,69.558,69.558,69.558,69.558,69.558,69.558,69.558,69.558,0.014
2365,0.400,69.056,68.356,68.356,69.755,69.755,69.755,69.755,69.755,69.755,0.014
2370,0.000,-0.001,-0.001,-0.001,-0.001,-0.001,-0.001,-0.001,-0.001,-0.001,-1000.000
2375,0.000,-0.001,-0.001,-0.001,-0.001,-0.001,-0.001,-0.001,-0.001,-0.001,-1000.000
2380,0.000,-0.001,-0.001,-0.001,-0.001,-0.001,-0.001,-0.001,-0.001,-0.001,-1000.000
2385,0.200,69.372,69.372,69.372,69.372,69.372,69.372,69.372,69.372,69.372,0.014
2390,0.000,-0.001,-0.001,-0.001,-0.001,-0.001,-0.001,-0.001,-0.001,-0.001,-1000.000
2395,0.000,-0.001,-0.001,-0.001,-0.001,-0.001,-0.001,-0.001,-0.001,-0.001,-1000.000
2400,0.200,69.319,69.319,69.319,69.319,69.319,69.319,69.319,69.319,69.319,0.014
2405,0.000,-0.001,-0.001,-0.001,-0.001,-0.001,-0.001,-0.001,-0.001,-0.001,-1000.000
2410,0.000,-0.001,-0.001,-0.001,-0.001,-0.001,-0.001,-0.001,-0.001,-0.001,-1000.000
2415,0.000,-0.001,-0.001,-0.001,-0.001,-0.001,-0.001,-0.001,-0.001,-0.001,-1000.000
2420,0.000,-0.001,-0.001,-0.001,-0.001,-0.001,-0.001,-0.001,-0.001,-0.001,-1000.000
2425,0.000,-0.001,-0.001,-0.001,-0.001,-0.001,-0.001,-0.001,-0.001,-0.001,-1000.000
2430,0.000,-0.001,-0.001,-0.001,-0.001,-0.001,-0.001,-0.001,-0.001,-0.001,-1000.000
2435,0.000,-0.001,-0.001,-0.001,-0.001,-0.001,-0.001,-0.001,-0.001,-0.001,-1000.000
2440,0.000,-0.001,-0.001,-0.001,-0.001,-0.001,-0.001,-0.001,-0.001,-0.001,-1000.000
2445,0.000,-0.001,-0.001,-0.001,-0.001,-0.001,-0.001,-0.001,-0.001,-0.001,-1000.000
2450,0.000,-0.001,-0.001,-0.001,-0.001,-0.001,-0.001,-0.001,-0.001,-0.001,-1000.000
2455,0.000,-0.001,-0.001,-0.001,-0.001,-0.001,-0.001,-0.001,-0.001,-0.001,-1000.000
2460,0.000,-0.001,-0.001,-0.001,-0.001,-0.001,-0.001,-0.001,-0.001,-0.001,-1000.000
2465,0.000,-0.001,-0.001,-0.001,-0.001,-0.001,-0.001,-0.001,-0.001,-0.001,-1000.000
2470,0.000,-0.001,-0.001,-0.001,-0.001,-0.001,-0.001,-0.001,-0.001,-0.001,-1000.000
2475,0.200,69.672,69.672,69.672,69.672,69.672,69.672,69.672,69.672,69.672,0.014
2480,0.000,-0.001,-0.001,-0.001,-0.001,-0.001,-0.001,-0.001,-0.001,-0.001,-1000.000
2485,0.000,-0.001,-0.001,-0.001,-0.001,-0.001,-0.001,-0.001,-0.001,-0.001,-1000.000
2490,0.000,-0.001,-0.001,-0.001,-0.001,-0.001,-0.001,-0.001,-0.001,-0.001,-1000.000
2495,0.200,71.656,71.656,71.656,71.656,71.656,71.656,71.656,71.656,71.656,0.014
2500,0.000,-0.001,-0.001,-0.001,-0.001,-0.001,-0.001,-0.001,-0.001,-0.001,-1000.000
2505,0.000,-0.001,-0.001,-0.001,-0.001,-0.001,-0.001,-0.001,-0.001,-0.001,-1000.000
2510,0.200,70.907,70.907,70.907,70.907,70.907,70.907,70.907,70.907,70.907,0.014
2515,0.000,-0.001,-0.001,-0.001,-0.001,-0.001,-0.001,-0.001,-0.001,-0.001,-1000.000
2520,0.000,-0.001,-0.001,-0.001,-0.001,-0.001,-0.001,-0.001,-0.001,-0.001,-1000.000
2525,0.000,-0.001,-0.001,-0.001,-0.001,-0.001,-0.001,-0.001,-0.001,-0.001,-1000.000
2530,0.000,-0.001,-0.001,-0.001,-0.001,-0.001,-0.001,-0.001,-0.001,-0.001,-1000.000
2535,0.200,69.670,69.670,69.670,69.670,69.670,69.670,69.670,69.670,69.670,0.014
2540,0.000,-0.001,-0.001,-0.001,-0.001,-0.001,-0.001,-0.001,-0.001,-0.001,-1000.000
2545,0.400,69.663,68.923,68.923,70.402,70.402,70.402,70.402,70.402,70.402,0.014
2550,0.000,-0.001,-0.001,-0.001,-0.001,-0.001,-0.001,-0.001,-0.001,-0.001,-1000.000
2555,0.000,-0.001,-0.001,-0.001,-0.001,-0.001,-0.001,-0.001,-0.001,-0.001,-1000.000
2560,0.000,-0.001,-0.001,-0.001,-0.001,-0.001,-0.001,-0.001,-0.001,-0.001,-1000.000
2565,0.000,-0.001,-0.001,-0.001,-0.001,-0.001,-0.001,-0.001,-0.001,-0.001,-1000.000
2570,0.000,-0.001,-0.001,-0.001,-0.001,-0.001,-0.001,-0.001,-0.001,-0.001,-1000.000
2575,0.000,-0.001,-0.001,-0.001,-0.001,-0.001,-0.001,-0.001,-0.001,-0.001,-1000.000
2580,0.000,-0.001,-0.001,-0.001,-0.001,-0.001,-0.001,-0.001,-0.001,-0.001,-1000.000
2585,0.000,-0.001,-0.001,-0.001,-0.001,-0.001,-0.001,-0.001,-0.001,-0.001,-1000.000
2590,0.400,68.426,68.227,68.227,68.625,68.625,68.625,68.625,68.625,68.625,0.015
2595,0.000,-0.001,-0.001,-0.001,-0.001,-0.001,-0.001,-0.001,-0.001,-0.001,-1000.000
2600,0.000,-0.001,-0.001,-0.001,-0.001,-0.001,-0.001,-0.001,-0.001,-0.001,-1000.000
2605,0.000,-0.001,-0.001,-0.001,-0.001,-0.001,-0.001,-0.001,-0.001,-0.001,-1000.000
2610,0.000,-0.001,-0.001,-0.001,-0.001,-0.001,-0.001,-0.001,-0.001,-0.001,-1000.000
2615,0.200,72.528,72.528,72.528,72.528,72.528,72.528,72.528,72.528,72.528,0.014
2620,0.000,-0.001,-0.001,-0.001,-0.001,-0.001,-0.001,-0.001,-0.001,-0.001,-1000.000
2625,0.000,-0.001,-0.001,-0.001,-0.001,-0.001,-0.001,-0.001,-0.001,-0.001,-1000.000
2630,0.200,73.369,73.369,73.369,73.369,73.369,73.369,73.369,73.369,73.369,0.014
2635,0.000,-0.001,-0.001,-0.001,-0.001,-0.001,-0.001,-0.001,-0.001,-0.001,-1000.000
2640,0.000,-0.001,-0.001,-0.001,-0.001,-0.001,-0.001,-0.001,-0.001,-0.001,-1000.000
2645,0.000,-0.001,-0.001,-0.001,-0.001,-0.001,-0.001,-0.001,-0.001,-0.001,-1000.000
2650,0.000,-0.001,-0.001,-0.001,-0.001,-0.001,-0.001,-0.001,-0.001,-0.001,-1000.000
2655,0.000,-0.001,-0.001,-0.001,-0.001,-0.001,-0.001,-0.001,-0.001,-0.001,-1000.000
2660,0.000,-0.001,-0.001,-0.001,-0.001,-0.001,-0.001,-0.001,-0.001,-0.001,-1000.000
2665,0.000,-0.001,-0.001,-0.001,-0.001,-0.001,-0.001,-0.001,-0.001,-0.001,-1000.000
2670,0.000,-0.001,-0.001,-0.001,-0.001,-0.001,-0.001,-0.001,-0.001,-0.001,-1000.000
2675,0.000,-0.001,-0.001,-0.001,-0.001,-0.001,-0.001,-0.001,-0.001,-0.001,-1000.000
2680,0.000,-0.001,-0.001,-0.001,-0.001,-0.001,-0.001,-0.001,-0.001,-0.001,-1000.000
2685,0.000,-0.001,-0.001,-0.001,-0.001,-0.001,-0.001,-0.001,-0.001,-0.001,-1000.000
2690,0.200,73.088,73.088,73.088,73.088,73.088,73.088,73.088,73.088,73.088,0.014
2695,0.200,68.797,68.797,68.797,68.797,68.797,68.797,68.797,68.797,68.797,0.015
2700,0.200,71.698,71.698,71.698,71.698,71.698,71.698,71.698,71.698,71.698,0.014
2705,0.000,-0.001,-0.001,-0.001,-0.001,-0.001,-0.001,-0.001,-0.001,-0.001,-1000.000
2710,0.200,68.475,68.475,68.475,68.475,68.475,68.475,68.475,68.475,68.475,0.015
2715,0.800,71.759,67.923,70.946,73.699,74.469,74.469,74.469,74.469,74.469,0.014
2720,0.000,-0.001,-0.001,-0.001,-0.001,-0.001,-0.001,-0.001,-0.001,-0.001,-1000.000
2725,0.000,-0.001,-0.001,-0.001,-0.001,-0.001,-0.001,-0.001,-0.001,-0.001,-1000.000
2730,0.200,73.911,73.911,73.911,73.911,73.911,73.911,73.911,73.911,73.911,0.014
2735,0.000,-0.001,-0.001,-0.001,-0.001,-0.001,-0.001,-0.001,-0.001,-0.001,-1000.000
2740,0.200,83.087,83.087,83.087,83.087,83.087,83.087,83.087,83.087,83.087,0.012
2745,0.200,69.075,69.075,69.075,69.075,69.075,69.075,69.075,69.075,69.075,0.014
2750,0.000,-0.001,-0.001,-0.001,-0.001,-0.001,-0.001,-0.001,-0.001,-0.001,-1000.000
2755,0.200,69.243,69.243,69.243,69.243,69.243,69.243,69.243,69.243,69.243,0.014
2760,0.000,-0.001,-0.001,-0.001,-0.001,-0.001,-0.001,-0.001,-0.001,-0.001,-1000.000
2765,0.400,69.035,68.415,68.415,69.655,69.655,69.655,69.655,69.655,69.655,0.014
2770,0.000,-0.001,-0.001,-0.001,-0.001,-0.001,-0.001,-0.001,-0.001,-0.001,-1000.000
2775,0.200,68.723,68.723,68.723,68.723,68.723,68.723,68.723,68.723,68.723,0.015
2780,0.000,-0.001,-0.001,-0.001,-0.001,-0.001,-0.001,-0.001,-0.001,-0.001,-1000.000
2785,0.000,-0.001,-0.001,-0.001,-0.001,-0.001,-0.001,-0.001,-0.001,-0.001,-1000.000
2790,0.000,-0.001,-0.001,-0.001,-0.001,-0.001,-0.001,-0.001,-0.001,-0.001,-1000.000
2795,0.000,-0.001,-0.001,-0.001,-0.001,-0.001,-0.001,-0.001,-0.001,-0.001,-1000.000
2800,0.000,-0.001,-0.001,-0.001,-0.001,-0.001,-0.001,-0.001,-0.001,-0.001,-1000.000
2805,0.200,69.860,69.860,69.860,69.860,69.860,69.860,69.860,69.860,69.860,0.014
2810,0.000,-0.001,-0.001,-0.001,-0.001,-0.001,-0.001,-0.001,-0.001,-0.001,-1000.000
2815,0.000,-0.001,-0.001,-0.001,-0.001,-0.001,-0.001,-0.001,-0.001,-0.001,-1000.000
2820,0.000,-0.001,-0.001,-0.001,-0.001,-0.001,-0.001,-0.001,-0.001,-0.001,-1000.000
2825,0.000,-0.001,-0.001,-0.001,-0.001,-0.001,-0.001,-0.001,-0.001,-0.001,-1000.000
2830,0.400,68.968,67.681,67.681,70.254,70.254,70.254,70.254,70.254,70.254,0.014
2835,0.000,-0.001,-0.001,-0.001,-0.001,-0.001,-0.001,-0.001,-0.001,-0.001,-1000.000
2840,0.000,-0.001,-0.001,-0.001,-0.001,-0.001,-0.001,-0.001,-0.001,-0.001,-1000.000
2845,0.400,69.138,67.073,67.073,71.203,71.203,71.203,71.203,71.203,71.203,0.014
2850,0.200,69.787,69.787,69.787,69.787,69.787,69.787,69.787,69.787,69.787,0.014
2855,0.000,-0.001,-0.001,-0.001,-0.001,-0.001,-0.001,-0.001,-0.001,-0.001,-1000.000
2860,0.000,-0.001,-0.001,-0.001,-0.001,-0.001,-0.001,-0.001,-0.001,-0.001,-1000.000
2865,0.000,-0.001,-0.001,-0.001,-0.001,-0.001,-0.001,-0.001,-0.001,-0.001,-1000.000
2870,0.000,-0.001,-0.001,-0.001,-0.001,-0.001,-0.001,-0.001,-0.001,-0.001,-1000.000
2875,0.000,-0.001,-0.001,-0.001,-0.001,-0.001,-0.001,-0.001,-0.001,-0.001,-1000.000
2880,0.200,70.244,70.244,70.244,70.244,70.244,70.244,70.244,70.244,70.244,0.014
2885,0.000,-0.001,-0.001,-0.001,-0.001,-0.001,-0.001,-0.001,-0.001,-0.001,-1000.000
2890,0.200,68.830,68.830,68.830,68.830,68.830,68.830,68.830,68.830,68.830,0.015
2895,0.000,-0.001,-0.001,-0.001,-0.001,-0.001,-0.001,-0.001,-0.001,-0.001,-1000.000
2900,0.000,-0.001,-0.001,-0.001,-0.001,-0.001,-0.001,-0.001,-0.001,-0.001,-1000.000
2905,0.000,-0.001,-0.001,-0.001,-0.001,-0.001,-0.001,-0.001,-0.001,-0.001,-1000.000
2910,0.000,-0.001,-0.001,-0.001,-0.001,-0.001,-0.001,-0.001,-0.001,-0.001,-1000.000
2915,0.000,-0.001,-0.001,-0.001,-0.001,-0.001,-0.001,-0.001,-0.001,-0.001,-1000.000
2920,0.000,-0.001,-0.001,-0.001,-0.001,-0.001,-0.001,-0.001,-0.001,-0.001,-1000.000
2925,0.000,-0.001,-0.001,-0.001,-0.001,-0.001,-0.001,-0.001,-0.001,-0.001,-1000.000
2930,0.000,-0.001,-0.001,-0.001,-0.001,-0.001,-0.001,-0.001,-0.001,-0.001,-1000.000
2935,0.000,-0.001,-0.001,-0.001,-0.001,-0.001,-0.001,-0.001,-0.001,-0.001,-1000.000
2940,0.000,-0.001,-0.001,-0.001,-0.001,-0.001,-0.001,-0.001,-0.001,-0.001,-1000.000
2945,0.000,-0.001,-0.001,-0.001,-0.001,-0.001,-0.001,-0.001,-0.001,-0.001,-1000.000
2950,0.000,-0.001,-0.001,-0.001,-0.001,-0.001,-0.001,-0.001,-0.001,-0.001,-1000.000
2955,0.000,-0.001,-0.001,-0.001,-0.001,-0.001,-0.001,-0.001,-0.001,-0.001,-1000.000
2960,0.000,-0.001,-0.001,-0.001,-0.001,-0.001,-0.001,-0.001,-0.001,-0.001,-1000.000
2965,0.000,-0.001,-0.001,-0.001,-0.001,-0.001,-0.001,-0.001,-0.001,-0.001,-1000.000
2970,0.000,-0.001,-0.001,-0.001,-0.001,-0.001,-0.001,-0.001,-0.001,-0.001,-1000.000
2975,0.000,-0.001,-0.001,-0.001,-0.001,-0.001,-0.001,-0.001,-0.001,-0.001,-1000.000
2980,0.200,69.750,69.750,69.750,69.750,69.750,69.750,69.750,69.750,69.750,0.014
2985,0.400,74.808,72.796,72.796,76.819,76.819,76.819,76.819,76.819,76.819,0.013
2990,0.400,71.947,70.262,70.262,73.631,73.631,73.631,73.631,73.631,73.631,0.014
2995,0.000,-0.001,-0.001,-0.001,-0.001,-0.001,-0.001,-0.001,-0.001,-0.001,-1000.000
3000,0.000,-0.001,-0.001,-0.001,-0.001,-0.001,-0.001,-0.001,-0.001,-0.001,-1000.000
3005,0.000,-0.001,-0.001,-0.001,-0.001,-0.001,-0.001,-0.001,-0.001,-0.001,-1000.000
3010,0.000,-0.001,-0.001,-0.001,-0.001,-0.001,-0.001,-0.001,-0.001,-0.001,-1000.000
3015,0.000,-0.001,-0.001,-0.001,-0.001,-0.001,-0.001,-0.001,-0.001,-0.001,-1000.000
3020,0.000,-0.001,-0.001,-0.001,-0.001,-0.001,-0.001,-0.001,-0.001,-0.001,-1000.000
3025,0.000,-0.001,-0.001,-0.001,-0.001,-0.001,-0.001,-0.001,-0.001,-0.001,-1000.000
3030,0.000,-0.001,-0.001,-0.001,-0.001,-0.001,-0.001,-0.001,-0.001,-0.001,-1000.000
3035,0.000,-0.001,-0.001,-0.001,-0.001,-0.001,-0.001,-0.001,-0.001,-0.001,-1000.000
3040,0.200,71.199,71.199,71.199,71.199,71.199,71.199,71.199,71.199,71.199,0.014
3045,0.000,-0.001,-0.001,-0.001,-0.001,-0.001,-0.001,-0.001,-0.001,-0.001,-1000.000
3050,0.200,67.503,67.503,67.503,67.503,67.503,67.503,67.503,67.503,67.503,0.015
3055,0.200,69.269,69.269,69.269,69.269,69.269,69.269,69.269,69.269,69.269,0.014
3060,0.600,68.703,68.617,68.617,68.673,68.818,68.818,68.818,68.818,68.818,0.015
3065,0.200,67.598,67.598,67.598,67.598,67.598,67.598,67.598,67.598,67.598,0.015
3070,0.000,-0.001,-0.001,-0.001,-0.001,-0.001,-0.001,-0.001,-0.001,-0.001,-1000.000
3075,0.000,-0.001,-0.001,-0.001,-0.001,-0.001,-0.001,-0.001,-0.001,-0.001,-1000.000
3080,0.600,68.225,67.224,67.224,68.136,69.314,69.314,69.314,69.314,69.314,0.015
3085,0.200,68.910,68.910,68.910,68.910,68.910,68.910,68.910,68.910,68.910,0.015
3090,0.200,69.039,69.039,69.039,69.039,69.039,69.039,69.039,69.039,69.039,0.014
3095,0.400,67.954,67.571,67.571,68.337,68.337,68.337,68.337,68.337,68.337,0.015
3100,0.000,-0.001,-0.001,-0.001,-0.001,-0.001,-0.001,-0.001,-0.001,-0.001,-1000.000
3105,0.000,-0.001,-0.001,-0.001,-0.001,-0.001,-0.001,-0.001,-0.001,-0.001,-1000.000
3110,0.000,-0.001,-0.001,-0.001,-0.001,-0.001,-0.001,-0.001,-0.001,-0.001,-1000.000
3115,0.000,-0.001,-0.001,-0.001,-0.001,-0.001,-0.001,-0.001,-0.001,-0.001,-1000.000
3120,0.000,-0.001,-0.001,-0.001,-0.001,-0.001,-0.001,-0.001,-0.001,-0.001,-1000.000
3125,0.000,-0.001,-0.001,-0.001,-0.001,-0.001,-0.001,-0.001,-0.001,-0.001,-1000.000
3130,0.000,-0.001,-0.001,-0.001,-0.001,-0.001,-0.001,-0.001,-0.001,-0.001,-1000.000
3135,0.200,68.251,68.251,68.251,68.251,68.251,68.251,68.251,68.251,68.251,0.015
3140,0.000,-0.001,-0.001,-0.001,-0.001,-0.001,-0.001,-0.001,-0.001,-0.001,-1000.000
3145,0.000,-0.001,-0.001,-0.001,-0.001,-0.001,-0.001,-0.001,-0.001,-0.001,-1000.000
3150,0.200,68.513,68.513,68.513,68.513,68.513,68.513,68.513,68.513,68.513,0.015
3155,0.200,74.507,74.507,74.507,74.507,74.507,74.507,74.507,74.507,74.507,0.013
3160,0.200,69.394,69.394,69.394,69.394,69.394,69.394,69.394,69.394,69.394,0.014
3165,0.000,-0.001,-0.001,-0.001,-0.001,-0.001,-0.001,-0.001,-0.001,-0.001,-1000.000
3170,0.000,-0.001,-0.001,-0.001,-0.001,-0.001,-0.001,-0.001,-0.001,-0.001,-1000.000
3175,0.000,-0.001,-0.001,-0.001,-0.001,-0.001,-0.001,-0.001,-0.001,-0.001,-1000.000
3180,0.000,-0.001,-0.001,-0.001,-0.001,-0.001,-0.001,-0.001,-0.001,-0.001,-1000.000
3185,0.000,-0.001,-0.001,-0.001,-0.001,-0.001,-0.001,-0.001,-0.001,-0.001,-1000.000
3190,0.000,-0.001,-0.001,-0.001,-0.001,-0.001,-0.001,-0.001,-0.001,-0.001,-1000.000
3195,0.000,-0.001,-0.001,-0.001,-0.001,-0.001,-0.001,-0.001,-0.001,-0.001,-1000.000
3200,0.000,-0.001,-0.001,-0.001,-0.001,-0.001,-0.001,-0.001,-0.001,-0.001,-1000.000
3205,0.000,-0.001,-0.001,-0.001,-0.001,-0.001,-0.001,-0.001,-0.001,-0.001,-1000.000
3210,0.000,-0.001,-0.001,-0.001,-0.001,-0.001,-0.001,-0.001,-0.001,-0.001,-1000.000
3215,0.200,70.432,70.432,70.432,70.432,70.432,70.432,70.432,70.432,70.432,0.014
3220,0.400,69.995,69.806,69.806,70.184,70.184,70.184,70.184,70.184,70.184,0.014
3225,0.200,67.320,67.320,67.320,67.320,67.320,67.320,67.320,67.320,67.320,0.015
3230,0.200,87.183,87.183,87.183,87.183,87.183,87.183,87.183,87.183,87.183,0.011
3235,0.000,-0.001,-0.001,-0.001,-0.001,-0.001,-0.001,-0.001,-0.001,-0.001,-1000.000
3240,0.400,67.614,67.437,67.437,67.790,67.790,67.790,67.790,67.790,67.790,0.015
3245,0.200,95.348,95.348,95.348,95.348,95.348,95.348,95.348,95.348,95.348,0.010
3250,0.000,-0.001,-0.001,-0.001,-0.001,-0.001,-0.001,-0.001,-0.001,-0.001,-1000.000
3255,0.000,-0.001,-0.001,-0.001,-0.001,-0.001,-0.001,-0.001,-0.001,-0.001,-1000.000
3260,0.000,-0.001,-0.001,-0.001,-0.001,-0.001,-0.001,-0.001,-0.001,-0.001,-1000.000
3265,0.000,-0.001,-0.001,-0.001,-0.001,-0.001,-0.001,-0.001,-0.001,-0.001,-1000.000
3270,0.000,-0.001,-0.001,-0.001,-0.001,-0.001,-0.001,-0.001,-0.001,-0.001,-1000.000
3275,0.400,74.745,74.281,74.281,75.209,75.209,75.209,75.209,75.209,75.209,0.013
3280,0.000,-0.001,-0.001,-0.001,-0.001,-0.001,-0.001,-0.001,-0.001,-0.001,-1000.000
3285,0.200,69.948,69.948,69.948,69.948,69.948,69.948,69.948,69.948,69.948,0.014
3290,0.400,70.265,68.174,68.174,72.356,72.356,72.356,72.356,72.356,72.356,0.014
3295,0.000,-0.001,-0.001,-0.001,-0.001,-0.001,-0.001,-0.001,-0.001,-0.001,-1000.000
3300,0.200,70.812,70.812,70.812,70.812,70.812,70.812,70.812,70.812,70.812,0.014
3305,0.000,-0.001,-0.001,-0.001,-0.001,-0.001,-0.001,-0.001,-0.001,-0.001,-1000.000
3310,0.200,68.460,68.460,68.460,68.460,68.460,68.460,68.460,68.460,68.460,0.015
3315,0.000,-0.001,-0.001,-0.001,-0.001,-0.001,-0.001,-0.001,-0.001,-0.001,-1000.000
3320,0.200,74.680,74.680,74.680,74.680,74.680,74.680,74.680,74.680,74.680,0.013
3325,0.000,-0.001,-0.001,-0.001,-0.001,-0.001,-0.001,-0.001,-0.001,-0.001,-1000.000
3330,0.000,-0.001,-0.001,-0.001,-0.001,-0.001,-0.001,-0.001,-0.001,-0.001,-1000.000
3335,0.000,-0.001,-0.001,-0.001,-0.001,-0.001,-0.001,-0.001,-0.001,-0.001,-1000.000
3340,0.000,-0.001,-0.001,-0.001,-0.001,-0.001,-0.001,-0.001,-0.001,-0.001,-1000.000
3345,0.200,76.001,76.001,76.001,76.001,76.001,76.001,76.001,76.001,76.001,0.013
3350,0.000,-0.001,-0.001,-0.001,-0.001,-0.001,-0.001,-0.001,-0.001,-0.001,-1000.000
3355,0.000,-0.001,-0.001,-0.001,-0.001,-0.001,-0.001,-0.001,-0.001,-0.001,-1000.000
3360,0.200,69.940,69.940,69.940,69.940,69.940,69.940,69.940,69.940,69.940,0.014
3365,0.000,-0.001,-0.001,-0.001,-0.001,-0.001,-0.001,-0.001,-0.001,-0.001,-1000.000
3370,0.000,-0.001,-0.001,-0.001,-0.001,-0.001,-0.001,-0.001,-0.001,-0.001,-1000.000
3375,0.000,-0.001,-0.001,-0.001,-0.001,-0.001,-0.001,-0.001,-0.001,-0.001,-1000.000
3380,0.000,-0.001,-0.001,-0.001,-0.001,-0.001,-0.001,-0.001,-0.001,-0.001,-1000.000
3385,0.200,71.753,71.753,71.753,71.753,71.753,71.753,71.753,71.753,71.753,0.014
3390,0.200,73.175,73.175,73.175,73.175,73.175,73.175,73.175,73.175,73.175,0.014
3395,0.000,-0.001,-0.001,-0.001,-0.001,-0.001,-0.001,-0.001,-0.001,-0.001,-1000.000
3400,0.000,-0.001,-0.001,-0.001,-0.001,-0.001,-0.001,-0.001,-0.001,-0.001,-1000.000
3405,0.200,73.655,73.655,73.655,73.655,73.655,73.655,73.655,73.655,73.655,0.014
3410,0.000,-0.001,-0.001,-0.001,-0.001,-0.001,-0.001,-0.001,-0.001,-0.001,-1000.000
3415,0.000,-0.001,-0.001,-0.001,-0.001,-0.001,-0.001,-0.001,-0.001,-0.001,-1000.000
3420,0.000,-0.001,-0.001,-0.001,-0.001,-0.001,-0.001,-0.001,-0.001,-0.001,-1000.000
3425,0.400,88.256,68.342,68.342,108.169,108.169,108.169,108.169,108.169,108.169,0.011
3430,0.200,68.457,68.457,68.457,68.457,68.457,68.457,68.457,68.457,68.457,0.015
3435,0.000,-0.001,-0.001,-0.001,-0.001,-0.001,-0.001,-0.001,-0.001,-0.001,-1000.000
3440,0.000,-0.001,-0.001,-0.001,-0.001,-0.001,-0.001,-0.001,-0.001,-0.001,-1000.000
3445,0.000,-0.001,-0.001,-0.001,-0.001,-0.001,-0.001,-0.001,-0.001,-0.001,-1000.000
3450,0.000,-0.001,-0.001,-0.001,-0.001,-0.001,-0.001,-0.001,-0.001,-0.001,-1000.000
3455,0.400,70.973,68.943,68.943,73.002,73.002,73.002,73.002,73.002,73.002,0.014
3460,0.000,-0.001,-0.001,-0.001,-0.001,-0.001,-0.001,-0.001,-0.001,-0.001,-1000.000
3465,0.200,69.962,69.962,69.962,69.962,69.962,69.962,69.962,69.962,69.962,0.014
3470,0.000,-0.001,-0.001,-0.001,-0.001,-0.001,-0.001,-0.001,-0.001,-0.001,-1000.000
3475,0.000,-0.001,-0.001,-0.001,-0.001,-0.001,-0.001,-0.001,-0.001,-0.001,-1000.000
3480,0.000,-0.001,-0.001,-0.001,-0.001,-0.001,-0.001,-0.001,-0.001,-0.001,-1000.000
3485,0.000,-0.001,-0.001,-0.001,-0.001,-0.001,-0.001,-0.001,-0.001,-0.001,-1000.000
3490,0.000,-0.001,-0.001,-0.001,-0.001,-0.001,-0.001,-0.001,-0.001,-0.001,-1000.000
3495,0.000,-0.001,-0.001,-0.001,-0.001,-0.001,-0.001,-0.001,-0.001,-0.001,-1000.000
3500,0.200,111.535,111.535,111.535,111.535,111.535,111.535,111.535,111.535,111.535,0.009
3505,0.000,-0.001,-0.001,-0.001,-0.001,-0.001,-0.001,-0.001,-0.001,-0.001,-1000.000
3510,0.000,-0.001,-0.001,-0.001,-0.001,-0.001,-0.001,-0.001,-0.001,-0.001,-1000.000
3515,0.000,-0.001,-0.001,-0.001,-0.001,-0.001,-0.001,-0.001,-0.001,-0.001,-1000.000
3520,0.000,-0.001,-0.001,-0.001,-0.001,-0.001,-0.001,-0.001,-0.001,-0.001,-1000.000
3525,0.200,76.870,76.870,76.870,76.870,76.870,76.870,76.870,76.870,76.870,0.013
3530,0.000,-0.001,-0.001,-0.001,-0.001,-0.001,-0.001,-0.001,-0.001,-0.001,-1000.000
3535,0.400,70.834,70.644,70.644,71.024,71.024,71.024,71.024,71.024,71.024,0.014
3540,0.000,-0.001,-0.001,-0.001,-0.001,-0.001,-0.001,-0.001,-0.001,-0.001,-1000.000
3545,0.000,-0.001,-0.001,-0.001,-0.001,-0.001,-0.001,-0.001,-0.001,-0.001,-1000.000
3550,0.000,-0.001,-0.001,-0.001,-0.001,-0.001,-0.001,-0.001,-0.001,-0.001,-1000.000
3555,0.000,-0.001,-0.001,-0.001,-0.001,-0.001,-0.001,-0.001,-0.001,-0.001,-1000.000
3560,0.000,-0.001,-0.001,-0.001,-0.001,-0.001,-0.001,-0.001,-0.001,-0.001,-1000.000
3565,0.000,-0.001,-0.001,-0.001,-0.001,-0.001,-0.001,-0.001,-0.001,-0.001,-1000.000
3570,0.000,-0.001,-0.001,-0.001,-0.001,-0.001,-0.001,-0.001,-0.001,-0.001,-1000.000
3575,0.000,-0.001,-0.001,-0.001,-0.001,-0.001,-0.001,-0.001,-0.001,-0.001,-1000.000
3580,0.200,68.148,68.148,68.148,68.148,68.148,68.148,68.148,68.148,68.148,0.015
3585,0.000,-0.001,-0.001,-0.001,-0.001,-0.001,-0.001,-0.001,-0.001,-0.001,-1000.000
3590,0.000,-0.001,-0.001,-0.001,-0.001,-0.001,-0.001,-0.001,-0.001,-0.001,-1000.000
3595,0.000,-0.001,-0.001,-0.001,-0.001,-0.001,-0.001,-0.001,-0.001,-0.001,-1000.000
